url,status,hasSchemaLayerScript,hasGlobalEntitySchema,jsonLdScriptCount,schemaTypes,jsonErrors,error
https://moonn.ru/,200,True,True,4,"BreadcrumbList, Person, ProfessionalService, WebPage, WebSite",[],
https://moonn.ru/abuse_gaslight,200,True,True,4,"Article, BreadcrumbList, Person, WebPage, WebSite",[],
https://moonn.ru/aromatherapy,200,True,True,4,"BreadcrumbList, Person, WebPage, WebSite",[],
https://moonn.ru/article_diary_of_emotions,200,True,True,4,"Article, BreadcrumbList, Person, WebPage, WebSite",[],
https://moonn.ru/article_femininity,200,True,True,4,"Article, BreadcrumbList, Person, WebPage, WebSite",[],
https://moonn.ru/article_gadget_addiction,200,True,True,4,"Article, BreadcrumbList, Person, WebPage, WebSite",[],
https://moonn.ru/article_toxic_job,200,True,True,4,"Article, BreadcrumbList, Person, WebPage, WebSite",[],
https://moonn.ru/articles/eq-dlya-rukovoditeley,200,True,True,4,"Article, BreadcrumbList, Person, WebPage, WebSite",[],
https://moonn.ru/baza-znaniy-emocionalnyy-intellekt-psihologiya,200,True,True,4,"Article, BreadcrumbList, Person, WebPage, WebSite",[],
https://moonn.ru/eintellect,200,True,True,4,"BreadcrumbList, Person, WebPage, WebSite",[],
https://moonn.ru/emotional-intelligence/,200,True,True,4,"Article, BreadcrumbList, Person, WebPage, WebSite",[],
https://moonn.ru/emotional-intelligence/articles,200,True,True,4,"Article, BreadcrumbList, Person, WebPage, WebSite",[],
https://moonn.ru/emotional-intelligence/articles/benefits-of-ei,200,True,True,4,"Article, BreadcrumbList, Person, WebPage, WebSite",[],
https://moonn.ru/emotional-intelligence/articles/emotional-intelligence-skills,200,True,True,4,"Article, BreadcrumbList, Person, WebPage, WebSite",[],
https://moonn.ru/emotional-intelligence/articles/what-is-emotional-intelligence,200,True,True,4,"Article, BreadcrumbList, Person, WebPage, WebSite",[],
https://moonn.ru/emotional-intelligence/articles/why-ei-matters,200,True,True,4,"Article, BreadcrumbList, Person, WebPage, WebSite",[],
https://moonn.ru/emotional-intelligence/diagnostoka-ei,200,True,True,4,"Article, BreadcrumbList, Person, WebPage, WebSite",[],
https://moonn.ru/emotional-intelligence/ei-leader-12,200,True,True,4,"Article, BreadcrumbList, Person, WebPage, WebSite",[],
https://moonn.ru/emotional-intelligence/knowledge-base,200,True,True,4,"Article, BreadcrumbList, Person, WebPage, WebSite",[],
https://moonn.ru/emotional-intelligence/knowledge-base/active-listening,200,True,True,4,"Article, BreadcrumbList, Person, WebPage, WebSite",[],
https://moonn.ru/emotional-intelligence/knowledge-base/burnout,200,True,True,4,"Article, BreadcrumbList, Person, WebPage, WebSite",[],
https://moonn.ru/emotional-intelligence/knowledge-base/emotional-contagion,200,True,True,4,"Article, BreadcrumbList, Person, WebPage, WebSite",[],
https://moonn.ru/emotional-intelligence/knowledge-base/emotional-intelligence,200,True,True,4,"Article, BreadcrumbList, Person, WebPage, WebSite",[],
https://moonn.ru/emotional-intelligence/knowledge-base/emotional-literacy,200,True,True,4,"Article, BreadcrumbList, Person, WebPage, WebSite",[],
https://moonn.ru/emotional-intelligence/knowledge-base/emotional-maturity,200,True,True,4,"Article, BreadcrumbList, Person, WebPage, WebSite",[],
https://moonn.ru/emotional-intelligence/knowledge-base/empathy,200,True,True,4,"Article, BreadcrumbList, Person, WebPage, WebSite",[],
https://moonn.ru/emotional-intelligence/knowledge-base/intrinsic-motivation,200,True,True,4,"Article, BreadcrumbList, Person, WebPage, WebSite",[],
https://moonn.ru/emotional-intelligence/knowledge-base/male-loneliness-russia,200,True,True,4,"Article, BreadcrumbList, Person, WebPage, WebSite",[],
https://moonn.ru/emotional-intelligence/knowledge-base/nonviolent-communication,200,True,True,4,"Article, BreadcrumbList, Person, WebPage, WebSite",[],
https://moonn.ru/emotional-intelligence/knowledge-base/personal-boundaries,200,True,True,4,"Article, BreadcrumbList, Person, WebPage, WebSite",[],
https://moonn.ru/emotional-intelligence/knowledge-base/psychological-safety,200,True,True,4,"Article, BreadcrumbList, Person, WebPage, WebSite",[],
https://moonn.ru/emotional-intelligence/knowledge-base/self-awareness,200,True,True,4,"Article, BreadcrumbList, Person, WebPage, WebSite",[],
https://moonn.ru/emotional-intelligence/knowledge-base/self-regulation,200,True,True,4,"Article, BreadcrumbList, Person, WebPage, WebSite",[],
https://moonn.ru/emotional-intelligence/knowledge-base/social-intelligence,200,True,True,4,"Article, BreadcrumbList, Person, WebPage, WebSite",[],
https://moonn.ru/events,200,True,True,4,"BreadcrumbList, Course, ItemList, Person, WebPage, WebSite",[],
https://moonn.ru/events_tp,200,True,True,4,"BreadcrumbList, Course, ItemList, Person, WebPage, WebSite",[],
https://moonn.ru/geshtalt,200,True,True,4,"BreadcrumbList, Person, WebPage, WebSite",[],
https://moonn.ru/kpt,200,True,True,4,"BreadcrumbList, Person, WebPage, WebSite",[],
https://moonn.ru/kurs-ei,200,True,True,5,"BreadcrumbList, Course, FAQPage, Person, WebPage, WebSite",[],
https://moonn.ru/lectures1,200,True,True,4,"BreadcrumbList, Course, ItemList, Person, WebPage, WebSite",[],
https://moonn.ru/microbiom,200,True,True,4,"BreadcrumbList, Person, WebPage, WebSite",[],
https://moonn.ru/novosti,200,True,True,4,"BreadcrumbList, Person, WebPage, WebSite",[],
https://moonn.ru/otzivi,200,True,True,4,"BreadcrumbList, Person, WebPage, WebSite",[],
https://moonn.ru/panicheskie_ataki,200,True,True,4,"BreadcrumbList, Person, WebPage, WebSite",[],
https://moonn.ru/phytotherapy,200,True,True,4,"BreadcrumbList, Person, WebPage, WebSite",[],
https://moonn.ru/platnye-treningi-seminary-programmy-tatiana-moonn,200,True,True,4,"BreadcrumbList, Course, Person, WebPage, WebSite",[],
https://moonn.ru/programmakursa,200,True,True,4,"BreadcrumbList, Course, Person, WebPage, WebSite",[],
https://moonn.ru/psiholog,200,True,True,4,"BreadcrumbList, Person, ProfessionalService, WebPage, WebSite",[],
https://moonn.ru/psiholog-konsultacii-moskva,200,True,True,4,"BreadcrumbList, Person, ProfessionalService, WebPage, WebSite",[],
https://moonn.ru/psiholog_moskva,200,True,True,4,"BreadcrumbList, Person, ProfessionalService, WebPage, WebSite",[],
https://moonn.ru/psihology,200,True,True,4,"BreadcrumbList, Person, ProfessionalService, WebPage, WebSite",[],
https://moonn.ru/psy4psy,200,True,True,4,"BreadcrumbList, Person, WebPage, WebSite",[],
https://moonn.ru/psychoanalys,200,True,True,4,"BreadcrumbList, Person, WebPage, WebSite",[],
https://moonn.ru/psypodgotovka1,200,True,True,4,"BreadcrumbList, Person, WebPage, WebSite",[],
https://moonn.ru/recomend,200,True,True,4,"BreadcrumbList, Person, WebPage, WebSite",[],
https://moonn.ru/salt,200,True,True,4,"BreadcrumbList, Person, WebPage, WebSite",[],
https://moonn.ru/schematherapy,200,True,True,4,"BreadcrumbList, Person, WebPage, WebSite",[],
https://moonn.ru/selfharm,200,True,True,4,"BreadcrumbList, Person, WebPage, WebSite",[],
https://moonn.ru/semeynie_konflikti_article,200,True,True,4,"Article, BreadcrumbList, Person, WebPage, WebSite",[],
https://moonn.ru/semeyniy_psiholog,200,True,True,4,"BreadcrumbList, Person, ProfessionalService, WebPage, WebSite",[],
https://moonn.ru/seminar555,200,True,True,4,"BreadcrumbList, Course, Person, WebPage, WebSite",[],
https://moonn.ru/shppp333,200,True,True,4,"BreadcrumbList, Person, WebPage, WebSite",[],
https://moonn.ru/speaker,200,True,True,4,"BreadcrumbList, Course, ItemList, Person, WebPage, WebSite",[],
https://moonn.ru/st1,200,True,True,4,"BreadcrumbList, Person, WebPage, WebSite",[],
https://moonn.ru/st2,200,True,True,4,"BreadcrumbList, Person, WebPage, WebSite",[],
https://moonn.ru/trauma,200,True,True,4,"Article, BreadcrumbList, Person, WebPage, WebSite",[],
https://moonn.ru/uslugi_aerofobia,200,True,True,4,"BreadcrumbList, Person, ProfessionalService, WebPage, WebSite",[],
https://moonn.ru/uslugi_depression,200,True,True,4,"BreadcrumbList, Person, ProfessionalService, WebPage, WebSite",[],
https://moonn.ru/uslugi_fin_blocks,200,True,True,4,"BreadcrumbList, Person, ProfessionalService, WebPage, WebSite",[],
https://moonn.ru/uslugi_gtr,200,True,True,4,"BreadcrumbList, Person, ProfessionalService, WebPage, WebSite",[],
https://moonn.ru/uslugi_konflikti_na_rabote,200,True,True,4,"BreadcrumbList, Person, ProfessionalService, WebPage, WebSite",[],
https://moonn.ru/uslugi_lubovnaya_zavisimost,200,True,True,4,"BreadcrumbList, Person, ProfessionalService, WebPage, WebSite",[],
https://moonn.ru/uslugi_obida_na_roditelei,200,True,True,4,"BreadcrumbList, Person, ProfessionalService, WebPage, WebSite",[],
https://moonn.ru/uslugi_otnosheniya_v_kollektive,200,True,True,4,"BreadcrumbList, Person, ProfessionalService, WebPage, WebSite",[],
https://moonn.ru/uslugi_podrostki,200,True,True,4,"BreadcrumbList, Person, ProfessionalService, WebPage, WebSite",[],
https://moonn.ru/uslugi_procrastination,200,True,True,4,"BreadcrumbList, Person, ProfessionalService, WebPage, WebSite",[],
https://moonn.ru/uslugi_razvod,200,True,True,4,"BreadcrumbList, Person, ProfessionalService, WebPage, WebSite",[],
https://moonn.ru/uslugi_sohranit_brak,200,True,True,4,"BreadcrumbList, Person, ProfessionalService, WebPage, WebSite",[],
https://moonn.ru/vacuum_cups,200,True,True,4,"BreadcrumbList, Person, WebPage, WebSite",[],
https://moonn.ru/vigoranie_article,200,True,True,4,"Article, BreadcrumbList, Person, WebPage, WebSite",[],
https://moonn.ru/vospitanie_article,200,True,True,4,"Article, BreadcrumbList, Person, WebPage, WebSite",[],
https://moonn.ru/vystupleniya-lekcii-treningi-psiholog-tatiana-moonn,200,True,True,4,"BreadcrumbList, Course, ItemList, Person, WebPage, WebSite",[],
https://moonn.ru/water,200,True,True,4,"BreadcrumbList, Person, WebPage, WebSite",[],
